Extrato de: Ag: 1234 | Conta: 56789-0 | Entre 01/01/2026 e 31/01/2026
Data;Histórico;Docto.;Crédito (R$);Débito (R$);Saldo (R$);
30/12/25;SALDO ANTERIOR;;;;"10.000,00";
02/01/26; Resgate Inv Fac;1234567;"5.000,00";;"15.001,00";
02/01/26; Rent.inv.facil;1234567;"1,50";;
02/01/26; Pagto Cobranca;0000001;;"-3.500,00";"11.501,50";
;Empresa Alpha Servicos Ltda;;
05/01/26; Transfe Pix;0321001;"150.000,00";;"161.502,00";
;Rem: Beta Tecnologia Sa 05/01;;
05/01/26; Pagto Cobranca;0000002;;"-2.500,00";;
;Prefeitura Municipal de Exemplo;;
05/01/26; Transfe Pix;0005001;;"-10.000,00";;
;Des: Maria Silva Santos 05/01;;
05/01/26; Ted Dif.titul;6640001;;"-50.000,00";;
;Dest. Joao Santos Ltda;;
05/01/26; Gasto c Credito;3990001;;"-1.250,75";
05/01/26; Apl.invest Fac;9950001;;"-86.750,75";"1,00";
10/01/26; Resgate Inv Fac;9950001;"8.000,00";;"8.001,00";
10/01/26; Rent.inv.facil;9950001;"2,35";;
10/01/26; Transfe Pix;1230001;;"-3.000,00";;
;Des: Ana Costa Lima 10/01;;
10/01/26; Transfe Pix;1230002;;"-5.000,00";"1,00";
;Des: Pedro Lima Souza 10/01;;
15/01/26; Pix Qrcode Din;1540001;;"-250,85";;
;Des: Loja Gamma Comercio 15/01;;
20/01/26; Devolucao Pix;0610001;"3.000,00";;
;Rem: Ana Costa Lima 20/01;;
20/01/26; Transfe Pix;0610002;;"-3.000,00";"1,00";
;Des: Ana Costa Lima 20/01;;
;Total;;"166.003,85";"-165.252,35";"1,00"
Os dados acima têm como base 31/01/2026 às 14h02 e estão sujeitos a alterações.
Últimos Lançamentos
Data;Histórico;Docto.;Crédito (R$);Débito (R$);
20/01/26;SALDO ANTERIOR;;;;
20/01/26; Transferencia Pix;0610003;;"-500,00";
;Des: Ana Costa Lima 20/01;;
;Total;;"0,00";"-500,00"
Saldos Invest Fácil
Data;Histórico;Saldo (R$);
02/01/26; Saldo Invest Fácil;86.750,75;
05/01/26; Saldo Invest Fácil;0,00;
Extrato de: Ag: 5678 | Conta: 12345-6 | Entre 01/01/2026 e 31/01/2026
Data;Histórico;Docto.;Crédito (R$);Débito (R$);Saldo (R$);
03/01/26; Transfe Pix;0001001;"25.000,00";;"25.001,00";
;Rem: Delta Importadora 03/01;;
03/01/26; Pagto Cobranca;0000003;;"-1.500,00";"23.501,00";
;Condominio Residencial Sol;;
10/01/26; Transfe Pix;0001002;;"-20.000,00";"3.501,00";
;Des: Carlos Ferreira 10/01;;
;Total;;"25.000,00";"-21.500,00";"3.501,00"
Os dados acima têm como base 31/01/2026 às 14h02 e estão sujeitos a alterações.
